N Facture;Date Facture;Identifiant Fiscale;Nom Fournisseur; Montant HT ; Taux Tva ; Montant Tva ;Mode Reglement;N Reglement;Designation;Date Paiement;ICE;
REL 01/2018;31/12/2017;01084612;BP AL FATH; 500,00   ;10; 50,00   ;PRELEVEMENT;PRELEVEMENT;SERVICE BANCAIRE;0101/2018;001534931000016;SB
REL 01/2018;31/12/2018;01084612;BP AL FATH; 790,36   ;10; 79,04   ;PRELEVEMENT;PRELEVEMENT;SERVICE BANCAIRE;01/01/2018;001534931000016;SB
REL 01/2018;04/01/2018;01084612;BP AL FATH; 18,00   ;10; 1,80   ;PRELEVEMENT;PRELEVEMENT;SERVICE BANCAIRE;05/01/2018;001534931000016;SB
REL 01/2018;09/01/2018;01084612;BP AL FATH; 54,00   ;10; 5,40   ;PRELEVEMENT;PRELEVEMENT;SERVICE BANCAIRE;09/01/2018;001534931000016;SB
REL 01/2018;12/01/2018;01084612;BP AL FATH; 148,50   ;10; 14,85   ;PRELEVEMENT;PRELEVEMENT;SERVICE BANCAIRE;12/01/2018;001534931000016;SB
REL 01/2018;25/01/2018;01084612;BP AL FATH; 45,45   ;10; 4,55   ;PRELEVEMENT;PRELEVEMENT;SERVICE BANCAIRE;24/01/2018;001534931000016;SB
REL 01/2018;31/01/2018;01084612;BP AL FATH; 146,36   ;10; 14,64   ;PRELEVEMENT;PRELEVEMENT;SERVICE BANCAIRE;31/01/2018;001534931000016;SB
REL 01/2018;31/01/2018;01084612;BP AL FATH; 2 700,00   ;10; 270,00   ;PRELEVEMENT;PRELEVEMENT;SERVICE BANCAIRE;31/01/2018;001534931000016;SB
REL 01/2018;29/12/2017;1085221;AWB ANFA; 60,00   ;10; 6,00   ;PRELEVEMENT;PRELEVEMENT;SERVICE BANCAIRE;02/01/2018;001648789000071;SB
REL 01/2018;02/01/2018;1085221;AWB ANFA; 35,00   ;10; 3,50   ;PRELEVEMENT;PRELEVEMENT;SERVICE BANCAIRE;02/01/2018;001648789000071;SB
REL 01/2018;02/01/2018;1085221;AWB ANFA; 30,00   ;10; 3,00   ;PRELEVEMENT;PRELEVEMENT;SERVICE BANCAIRE;02/01/2018;001648789000071;SB
REL 01/2018;31/12/2017;1085221;AWB ANFA; 30,00   ;10; 3,00   ;PRELEVEMENT;PRELEVEMENT;SERVICE BANCAIRE;03/01/2018;001648789000071;SB
REL 01/2018;04/01/2018;1085221;AWB ANFA; 100,00   ;10; 10,00   ;PRELEVEMENT;PRELEVEMENT;SERVICE BANCAIRE;04/01/2018;001648789000071;SB
REL 01/2018;04/01/2018;1085221;AWB ANFA; 35,00   ;10; 3,50   ;PRELEVEMENT;PRELEVEMENT;SERVICE BANCAIRE;04/01/2018;001648789000071;SB
REL 01/2018;05/01/2018;1085221;AWB ANFA; 356,00   ;10; 35,60   ;PRELEVEMENT;PRELEVEMENT;SERVICE BANCAIRE;05/01/2018;001648789000071;SB
REL 01/2018;08/01/2018;1085221;AWB ANFA; 100,00   ;10; 10,00   ;PRELEVEMENT;PRELEVEMENT;SERVICE BANCAIRE;08/01/2018;001648789000071;SB
REL 01/2018;10/01/2018;1085221;AWB ANFA; 10,00   ;10; 1,00   ;PRELEVEMENT;PRELEVEMENT;SERVICE BANCAIRE;09/01/2018;001648789000071;SB
REL 01/2018;31/12/2017;1085221;AWB ANFA; 299,00   ;10; 29,90   ;PRELEVEMENT;PRELEVEMENT;SERVICE BANCAIRE;09/01/2018;001648789000071;SB
REL 01/2018;15/01/2018;1085221;AWB ANFA; 20,00   ;10; 2,00   ;PRELEVEMENT;PRELEVEMENT;SERVICE BANCAIRE;15/01/2018;001648789000071;SB
REL 01/2018;16/01/218;1085221;AWB ANFA; 20,00   ;10; 2,00   ;PRELEVEMENT;PRELEVEMENT;SERVICE BANCAIRE;16/01/2018;001648789000071;SB
REL 01/2018;15/01/2018;1085221;AWB ANFA; 27,27   ;10; 2,73   ;PRELEVEMENT;PRELEVEMENT;SERVICE BANCAIRE;17/01/2018;001648789000071;SB
REL 01/2018;15/01/2018;1085221;AWB ANFA; 195,00   ;10; 19,50   ;PRELEVEMENT;PRELEVEMENT;SERVICE BANCAIRE;17/01/2018;001648789000071;SB
REL 01/2018;17/01/2018;1085221;AWB ANFA; 30,00   ;10; 3,00   ;PRELEVEMENT;PRELEVEMENT;SERVICE BANCAIRE;18/01/2018;001648789000071;SB
REL 01/2018;31/01/2018;1085221;AWB ANFA; 100,00   ;10; 10,00   ;PRELEVEMENT;PRELEVEMENT;SERVICE BANCAIRE;31/01/2018;001648789000071;SB
REL 01/2018;31/01/2018;1085221;AWB ANFA; 20,00   ;10; 2,00   ;PRELEVEMENT;PRELEVEMENT;SERVICE BANCAIRE;31/01/2018;001648789000071;SB
REL 01/2018;31/01/2018;1085221;AWB ANFA; 60,00   ;10; 6,00   ;PRELEVEMENT;PRELEVEMENT;SERVICE BANCAIRE;31/01/2018;001648789000071;SB
FA°171976;28/12/2017;40230280;MATIFER; 21 625,00   ; 20 ; 4 325,00   ;CHEQUE;CH°914366;TUBE CARRE;02/01/2018;000222462000057;ACHAT
FA°180038;16/01/2018;40230280;MATIFER; 1 000,00   ; 20 ; 200,00   ;CHEQUE;CH°797620;TUBE CARRE;25/01/2018;000222462000057;ACHAT
FA°180041;16/01/2018;16/01/2018;MATIFER; 1 733,33   ; 20 ; 346,67   ;CHEQUE;CH797652;TUBE CARRE;25/01/2018;000222462000057;ACHAT
FA°180039;16/01/2018;16/01/2018;MATIFER; 292,50   ; 20 ; 58,50   ;CHEQUE;CH°797653;TUBE CARRE;25/01/2018;000222462000057;ACHAT
FA°180040;16/01/2018;16/01/2018;MATIFER; 1 200,00   ; 20 ; 240,00   ;CHEQUE;CH°797660;TUBE CARRE;25/01/2018;000222462000057;ACHAT
FA°180037;16/01/2018;16/01/2018;MATIFER; 2 500,00   ; 20 ; 500,00   ;CHEQUE;CH°797661;TUBE CARRE;25/01/2018;000222462000057;ACHAT
FA°1604753;01/01/2017;1020141;MAROC LAMINAGE; 2 944,00   ; 20 ; 588,80   ;EFFET;LC°4653761;SUPPORT D'IMPRESSION;02/01/2018;000084679000054;ACHAT
FA1604756;01/01/2017;1020141;MAROC LAMINAGE; 2 356,00   ; 20 ; 471,20   ;EFFET;LC°4653761;SUPPORT D'IMPRESSION;02/01/2018;000084679000054;ACHAT
FA°1604764;01/01/2017;1020141;MAROC LAMINAGE; 25 530,00   ; 20 ; 5 106,00   ;EFFET;LC°4653761;SUPPORT D'IMPRESSION;02/01/2018;000084679000054;ACHAT
FA°1604771;01/01/2017;1020141;MAROC LAMINAGE; 4 795,00   ; 20 ; 959,00   ;EFFET;LC°4653761;SUPPORT D'IMPRESSION;02/01/2018;000084679000054;ACHAT
FA°1604797;01/01/2017;1020141;MAROC LAMINAGE; 17 745,10   ; 20 ; 3 549,02   ;EFFET;LC°4653761;SUPPORT D'IMPRESSION;02/01/2018;000084679000054;ACHAT
FA°1605293;01/01/2017;1020141;MAROC LAMINAGE; 31 500,00   ; 20 ; 6 300,00   ;EFFET;LC°4653761;SUPPORT D'IMPRESSION;02/01/2018;000084679000054;ACHAT
FA°1605294;01/01/2017;1020141;MAROC LAMINAGE; 880,00   ; 20 ; 176,00   ;EFFET;LC°4653761;SUPPORT D'IMPRESSION;02/01/2018;000084679000054;ACHAT
FA°1605346;01/01/2017;1020141;MAROC LAMINAGE; 56 032,50   ; 20 ; 11 206,50   ;EFFET;LC°4653761;SUPPORT D'IMPRESSION;02/01/2018;000084679000054;ACHAT
FA°1605320;01/01/2017;1020141;MAROC LAMINAGE; 8 400,00   ; 20 ; 1 680,00   ;EFFET;LC°4653761;SUPPORT D'IMPRESSION;02/01/2018;000084679000054;ACHAT
FA°1605333;01/01/2017;1020141;MAROC LAMINAGE; 1 694,00   ; 20 ; 338,80   ;EFFET;LC°4653761;SUPPORT D'IMPRESSION;02/01/2018;000084679000054;ACHAT
FA°1605302;01/01/2017;1020141;MAROC LAMINAGE; 16 350,00   ; 20 ; 3 270,00   ;EFFET;LC°4653761;SUPPORT D'IMPRESSION;02/01/2018;000084679000054;ACHAT
FA°1605351;01/01/2017;1020141;MAROC LAMINAGE; 20 522,00   ; 20 ; 4 104,40   ;EFFET;LC°4653762;SUPPORT D'IMPRESSION;16/01/2018;000084679000054;ACHAT
FA°1605281;01/01/2017;1020141;MAROC LAMINAGE; 13 165,00   ; 20 ; 2 633,00   ;EFFET;LC°4653762;SUPPORT D'IMPRESSION;16/01/2018;000084679000054;ACHAT
FA°1606106;01/01/2017;1020141;MAROC LAMINAGE; 18 951,60   ; 20 ; 3 790,32   ;EFFET;LC°4653762;SUPPORT D'IMPRESSION;16/01/2018;000084679000054;ACHAT
FA°1606096;01/01/2017;1020141;MAROC LAMINAGE; 20 350,00   ; 20 ; 4 070,00   ;EFFET;LC°4653762;SUPPORT D'IMPRESSION;16/01/2018;000084679000054;ACHAT
FA°1606082;01/01/2017;1020141;MAROC LAMINAGE; 38 065,00   ; 20 ; 7 613,00   ;EFFET;LC°4653762;SUPPORT D'IMPRESSION;16/01/2018;000084679000054;ACHAT
FA°1606085;01/01/2017;1020141;MAROC LAMINAGE; 16 800,00   ; 20 ; 3 360,00   ;EFFET;LC°4653762;SUPPORT D'IMPRESSION;16/01/2018;000084679000054;ACHAT
FA°1606067;01/01/2017;1020141;MAROC LAMINAGE; 247,00   ; 20 ; 49,40   ;EFFET;LC°4653763;SUPPORT D'IMPRESSION;31/01/2018;000084679000054;ACHAT
FA°1606064;01/01/2017;1020141;MAROC LAMINAGE; 6 176,00   ; 20 ; 1 235,20   ;EFFET;LC°4653763;SUPPORT D'IMPRESSION;31/01/2018;000084679000054;ACHAT
FA°1606060;01/01/2017;1020141;MAROC LAMINAGE; 38 233,00   ; 20 ; 7 646,60   ;EFFET;LC°4653763;SUPPORT D'IMPRESSION;31/01/2018;000084679000054;ACHAT
FA°1606052;01/01/2017;1020141;MAROC LAMINAGE; 4 558,00   ; 20 ; 911,60   ;EFFET;LC°4653763;SUPPORT D'IMPRESSION;31/01/2018;000084679000054;ACHAT
FA°1606048;01/01/2017;1020141;MAROC LAMINAGE; 11 054,00   ; 20 ; 2 210,80   ;EFFET;LC°4653763;SUPPORT D'IMPRESSION;31/01/2018;000084679000054;ACHAT
FA°1606036;01/01/2017;1020141;MAROC LAMINAGE; 58 046,00   ; 20 ; 11 609,20   ;EFFET;LC°4653763;SUPPORT D'IMPRESSION;31/01/2018;000084679000054;ACHAT
FA°1606030;01/01/2017;1020141;MAROC LAMINAGE; 3 650,40   ; 20 ; 730,08   ;EFFET;LC°4653763;SUPPORT D'IMPRESSION;31/01/2018;000084679000054;ACHAT
FA°1606119;01/01/2017;1020141;MAROC LAMINAGE; 34 790,00   ; 20 ; 6 958,00   ;EFFET;LC°4653763;SUPPORT D'IMPRESSION;31/01/2018;000084679000054;ACHAT
FA°1606112;01/01/2017;1020141;MAROC LAMINAGE; 11 230,00   ; 20 ; 2 246,00   ;EFFET;LC°4653763;SUPPORT D'IMPRESSION;31/01/2018;000084679000054;ACHAT
FA°168144;01/01/2017;4100678;CHAMIONG; 5 080,00   ; 20 ; 1 016,00   ;EFFET;LC°4653766;SUPPORT D'IMPRESSION;15/01/2018;000064673000023;ACHAT
FA°168728;01/01/2017;4100678;CHAMIONG; 46 000,00   ; 20 ; 9 200,00   ;EFFET;LC°4653766;SUPPORT D'IMPRESSION;15/01/2018;000064673000023;ACHAT
FA°26578;27/09/2017;40126522;IMARAQ; 6 961,00   ; 20 ; 1 392,20   ;EFFET;LC°4653777;SUPPORT D'IMPRESSION;02/01/2018;000229913000058;ACHAT
FA°FN2710297;19/08/2017;1001802;ALUMETAUX; 1 354,78   ; 20 ; 270,96   ;CHEQUE;CH°914371;SUPPORT D'IMPRESSION;02/01/2018;000084244000062;ACHAT
FA°FN2710994;20/12/2017;1001802;ALUMETAUX; 43 054,82   ; 20 ; 8 610,96   ;CHEQUE;CH°914371;SUPPORT D'IMPRESSION;02/01/2018;000084244000062;ACHAT
FA°FN2710791;11/09/2017;1001802;ALUMETAUX; 26 316,00   ; 20 ; 5 263,20   ;CHEQUE;CH°914384;SUPPORT D'IMPRESSION;02/01/2018;000084244000062;ACHAT
FA°057/17;03/11/2017;1960274;ATCAM; 13 434,40   ; 20 ; 2 686,88   ;CHEQUE;CH°797671;ACHAT MATIERES;30/01/2018;000013425000014;ACHAT
FA°20180058;08/11/2017;2500619;LA MAROCAINES DES TENTES ET BACHES; 2 000,00   ; 20 ; 400,00   ;CHEQUE;CH°797635;ACHAT FRNT BUREAU;15/01/2018;000084423000079;ACHAT
FA°15-00-026095;10/01/2018;2202961;BRICOT INVEST; 4 770,75   ; 20 ; 954,15   ;CHEQUE;CH°797625;ACHAT GAZON;15/01/2018;001525045000091;ACHAT
FA°20170528;31/03/2017;1642062;OUASSAD NEGOCE; 2 500,00   ; 20 ; 500,00   ;CHEQUE;CH°914437;ACHAT CONSO INFOR;03/01/2018;000090997000091;ACHAT
FA°L180105563;01/01/2018;1085125;MAGHREBAIL; 5 620,34   ; 20 ; 1 124,07   ;PRELEVMENT;PRELEV;LEASING;10/01/2018;001529688000054;PS
FA°L180106006;01/01/2018;1085125;MAGHREBAIL; 20 644,88   ; 20 ; 4 128,98   ;PRELEVMENT;PRELEV;LEASING;10/01/2018;001529688000054;PS
FA°L180108001;01/01/2018;1085125;MAGHREBAIL; 25 873,51   ; 20 ; 5 174,70   ;PRELEVMENT;PRELEV;LEASING;22/01/2018;001529688000054;PS
FA°L180110001;01/01/2018;1085125;MAGHREBAIL; 25 216,27   ; 20 ; 5 043,25   ;PRELEVMENT;PRELEV;LEASING;25/01/2018;001529688000054;PS
FA°35/2018;26/01/2018;6100180;INTER TRIDIM; 2 775,00   ; 20 ; 555,00   ;CHEQUE;CH°797680;CENTRAGE TUBE CARRE;30/01/2018;0015393355000072;PS
FA°0018/17;17/05/2017;2861646;ANB; 1 791,35   ; 20 ; 358,27   ;CHEQUE;CH°914356;PACK IMPRESSION;18/01/2018;000039842000093;PS
FA000014;23/01/2018;14477106;MELODY HABIBA CAR; 2 800,00   ; 20 ; 560,00   ;CHEQUE;CH°797681;LOCATION MATERIEL DE TRANSPORT;27/12/2017;000209587000034;PS
FA°207/HF/17;23/11/2017;18749836;GLOBAL TECHNIQUE ; 3 600,00   ; 20 ; 720,00   ;CHEQUE;CH°914435;LOCATION NACELLE;12/01/2018;001552928000067;PS
FA°02/2018;30/01/2018;3384662;ANA NETTOYAGE; 3 333,33   ; 20 ; 666,67   ;CHEQUE;CH°797655;LOCATION NACELLE;23/01/2018;000077338000090;PS
FA°FC0170001295;30/12/2017;40183274;JH TECHNIQUE; 1 800,00   ; 20 ; 360,00   ;CHEQUE;CH°797631;INTERVENTION TECHNIQUE;15/01/2018;001538425000059;PS
FA°2017041;28/11/2017;18756824;SUPER PUB AND POSE; 41 250,00   ; 20 ; 8 250,00   ;CHEQUE;CH°797640;POSE;17/01/2018;000155706000085;PS
FA°0802017;08/11/2017;40468996;DESIGN FINGERS; 11 800,00   ; 20 ; 2 360,00   ;CHEQUE;CH°914438;POSE;19/01/2018;001448747000051;PS
FA°0105/2017;03/11/2017;40494161;PHC MALAK; 1 400,00   ; 20 ; 280,00   ;CHEQUE;CH°914416;POSE;23/01/2018;000199551000085;PS
FA°000185878812;01/12/2017;3332162;MAROC TELECOM; 120,00   ; 20 ; 24,00   ;CHEQUE;CH°797657;FRAIS COM;10/01/2018;001522585000066;PS
FA°000185878612;01/12/2017;3332162;MAROC TELECOM; 650,00   ; 20 ; 130,00   ;CHEQUE;CH°797657;FRAIS COM;10/01/2018;001522585000066;PS
FA°000185878712;01/12/2017;3332162;MAROC TELECOM; 650,00   ; 20 ; 130,00   ;CHEQUE;CH°797657;FRAIS COM;10/01/2018;001522585000066;PS
FA°000105677712;01/12/2017;3332162;MAROC TELECOM; 4 834,00   ; 20 ; 966,80   ;CHEQUE;CH°797657;FRAIS COM;10/01/2018;001522585000066;PS
FA°000185878912;01/12/2017;3332162;MAROC TELECOM; 824,17   ; 20 ; 164,83   ;CHEQUE;CH°797657;FRAIS COM;10/01/2018;001522585000066;PS
FA°2017-11-00553;27/11/2017;1110726;DIRENT; 1 458,33   ; 20 ; 291,67   ;CHEQUE;CH°797663;LOCATION MATERIEL DE TRANSPORT;24/01/2018;000029321000047;PS
FA°85/17;15/12/2017;40109506;2D CONSULT; 12 500,00   ; 20 ; 2 500,00   ;CHEQUE;CH°935454;entretien et reparation;02/01/2018;000049736000093;PS
